GeneID	baseMean	log2FoldChange	lfcSE	stat	pvalue	padj	Gene	Animal
J1812471	80.6986496123526	-7.50065181332786	0.741214219602638	-10.1194116558489	4.53131187577925e-24	3.63790662417053e-23	CCDB1	XENLA
J1816148	41.8031754981082	-7.51176638149622	1.52202437305833	-4.93537850934817	7.99954645045774e-07	2.28632465891741e-06	AMACR	HUMAN
J1820389	11.5486274260458	-6.38807934600067	0.758593666820273	-8.42095000974236	3.73443601590761e-17	2.19959975636725e-16	SNX7	HUMAN
J1821873	26.3468109930656	-5.67205419169366	0.948202669329104	-5.98190067921544	2.2054874779838e-09	8.00445792453584e-09	CIDEC	HUMAN
J1822483	584.900950084039	-6.35820600501128	0.56432755178252	-11.2668714914376	1.9124495139304e-29	1.87756942937918e-28	FHL1	MOUSE
J1822490	24.1007030612539	-7.46700242177814	1.63235291962362	-4.57437992238827	4.77632442066028e-06	1.25821771262798e-05	REN3B	HUMAN
J1823152	12.1775815347511	-5.3295443815319	0.777105612805848	-6.85819828567296	6.9734424583578e-12	3.05668073596736e-11	FINC	CHICK
J1825854	59.6447080263736	-5.29626911730745	0.816550783189614	-6.48614786286671	8.8058748890039e-11	3.55358673981196e-10	CP2W1	HUMAN
J1829042	62.8145315687921	5.19963395008884	0.648159509626946	8.02215175872608	1.03908652626969e-15	5.68483877907093e-15	NAV3	HUMAN
J1840840	87.1433571092678	8.69202507345029	2.29190783441711	3.79248455933695	0.0001491475268962	0.000328642763438411	COX20	MOUSE
J1841968	54.4453319957334	5.24857554179471	0.375729147203053	13.9690401473119	2.40850766720256e-44	3.68369814380876e-43	NRX3B	BOVIN
J1848335	165.103294242822	-6.44837434622084	0.920544691188057	-7.00495522699561	2.47064830026594e-12	1.1146199506719e-11	SIA8B	HUMAN
J1850421	87.6710990536593	-25.2030142577475	1.11801530332978	-22.5426379967121	1.58583065762102e-112	1.39439372962932e-110	NGBR	HUMAN
J1856500	83.4300251175745	-5.76681829260129	0.826194183291988	-6.97997929448411	2.95223570203215e-12	1.32592270948005e-11	HXD9	MOUSE
J1858868	93.845637303546	5.92612812738088	0.284708300679329	20.8147360412072	3.18293330070019e-96	1.90372189556784e-94	ELAV2	XENTR
J1860604	56.1150548671511	5.60335604105483	0.399698527619833	14.0189559226607	1.19357696924064e-44	1.83825845855833e-43	SRSF5	MOUSE
J1860897	20.8517329254677	-23.1095061020375	1.67229168841433	-13.8190641394325	1.95596177425418e-43	2.91086152109168e-42	MBD4	HUMAN
J1863235	33.1617560307962	-11.5224458973246	2.62096525277441	-4.39626045600094	1.10131774861206e-05	2.7886740146705e-05	RAB2A	CANLF
J1868936	15.6978518879676	-5.67763476026319	0.789090017592146	-7.19516738735094	6.23841848424218e-13	2.9194634424772e-12	SVIL	BOVIN
J1876056	23.424684288818	-22.5455505457159	1.92718257618306	-11.6987102438261	1.29405331269798e-31	1.36584201871087e-30	PLPL8	RABIT
J1876991	97.8398503190733	-5.40791661696485	0.77029202147314	-7.02060577834172	2.20908341682048e-12	1.00009171300981e-11	DPYS	HUMAN
J1883024	8.40974671157485	6.89043194654441	0.386377846216051	17.8334032709823	3.89004543632232e-71	1.20411364347312e-69	SSR3	HUMAN
J1889038	9.11863642668372	-5.41033287957113	1.30335568074066	-4.15107937113268	3.30910974415158e-05	7.92190606935952e-05	F185A	HUMAN
J1889835	37.3661769920427	6.59254622615955	0.523496494088636	12.5932958493574	2.29871009742184e-36	2.79672171169239e-35	SEM3E	CHICK
J1898927	341.670600237644	-5.27134588647884	0.536099105518789	-9.83278246916249	8.13397714199817e-23	6.1987871382562e-22	GATA3	CHICK
J1900564	33.3890108295008	-7.54264519549571	1.39982360563499	-5.3882826129898	7.11341346264034e-08	2.24950616306738e-07	RCAF1	MOUSE
NODE_10196_length_2713_cov_74.309704_g2786_i0	1149.62362231426	-5.10570789774949	0.702874768528516	-7.26403639219886	3.75706856854432e-13	1.77479673175884e-12	CP2K1	ONCMY
NODE_10267_length_3350_cov_150.030956_g5638_i4	46.8319785472748	8.3252796869279	2.80627351971054	2.96666722913974	0.00301046595726721	0.00547244738299047	ARL4C	HUMAN
NODE_10333_length_2696_cov_59.523846_g2823_i0	9.95447278155655	5.45144384897061	0.406531025506686	13.4096625028216	5.30798260768818e-41	7.4473729276337e-40	KAD5	HUMAN
NODE_10447_length_3307_cov_33.021525_g6064_i0	23.4591294757768	7.00411986007569	0.395238338924558	17.7212561897053	2.87421770375275e-70	8.70150682055187e-69	ANM8	HUMAN
NODE_10496_length_2675_cov_205.036154_g2845_i7	424.675990409853	-6.04709645051471	0.506796017021227	-11.9320125798491	8.06009342659976e-33	8.81934863287341e-32	PERP	HUMAN
NODE_10596_length_3281_cov_104.551457_g5944_i2	83.9284985233005	5.60294329515399	0.466885241176511	12.0006862522256	3.52362598056053e-33	3.90197819322483e-32	EPDR1	MACFA
NODE_10771_length_3249_cov_348.606450_g6221_i0	9.90413941839149	5.77405244065597	1.28146080095018	4.50583618037682	6.61120788855123e-06	1.71416069196811e-05	FADS1	HUMAN
NODE_107827_length_361_cov_224.038462_g36416_i3	16.0628376348692	-5.69731506907898	0.77456853649424	-7.35546927179033	1.9025752167987e-13	9.13418208282516e-13	COX6A	CYPCA
NODE_10918_length_3217_cov_124.653068_g6316_i0	55.7313597483174	9.93802530076356	0.43382975293195	22.9076618963993	3.89706842430224e-116	3.82259111663779e-114	PHF24	HUMAN
NODE_1095_length_8370_cov_14.534817_g630_i0	45.165206987429	6.17411696381907	0.238592542837678	25.8772419723927	1.20146248330345e-147	2.52535971490544e-145	DIK1C	HUMAN
NODE_109561_length_354_cov_5.878136_g35675_i1	23.8016543336134	8.46924156799214	0.530340163215424	15.9694515999761	2.08611947781501e-57	4.57660605123034e-56	CCNI	HUMAN
NODE_10970_length_3204_cov_142.920610_g6348_i0	81.1918073977427	5.01638889857567	0.347352894559165	14.4417650670282	2.82513460560098e-47	4.72353945042528e-46	PACN1	BOVIN
NODE_11128_length_3168_cov_53.909412_g370_i19	59.6754655081129	6.03323046675063	0.773439258823905	7.80052266279421	6.16512941503023e-15	3.24194439336948e-14	KRUP	MANSE
NODE_11591_length_2566_cov_46.814131_g3149_i0	28.7733431218351	-12.0928097155034	2.2475651743937	-5.38040447203742	7.43186682676812e-08	2.34584240370098e-07	ST6B1	GORGO
NODE_116241_length_329_cov_5.897638_g35675_i4	21.3181518813989	8.46935572480896	0.934743742037048	9.06061773289014	1.29713842409096e-19	8.58663617867049e-19	CCNI	HUMAN
NODE_11807_length_3038_cov_50.608783_g6408_i1	148.047978427973	-7.44668032916623	0.966572981580472	-7.70420906757599	1.31656154791908e-14	6.81597780027541e-14	PDLI3	CHICK
NODE_12182_length_2504_cov_3014.111157_g3341_i0	32651.0852760035	-5.09350364017934	0.509596656440055	-9.99516691448014	1.60017427964115e-23	1.25500520084151e-22	ALDOB	CHICK
NODE_12232_length_2955_cov_45.849310_g6931_i1	51.5089594449097	-19.3704733841262	2.00947423427262	-9.6395729060631	5.44138945737166e-22	3.99373014047864e-21	PAIP1	MOUSE
NODE_1225_length_5318_cov_95.229640_g327_i0	11.676748691451	-5.01380319870465	0.748004747708199	-6.70290290812507	2.04319231174707e-11	8.64352200886674e-11	FINC	CHICK
NODE_124_length_13529_cov_22.744248_g73_i0	82.771790384589	5.84157813245793	1.22290298572954	4.77681238873831	1.78095790699084e-06	4.91076224478859e-06	CAC1C	MOUSE
NODE_12565_length_2890_cov_316.819753_g5843_i2	871.02460214945	-5.06323903245715	0.530545310848291	-9.54346203599749	1.38142013099257e-21	9.95687207413655e-21	ADH1	APTAU
NODE_12619_length_2881_cov_3532.602265_g7324_i0	6570.92840139902	-11.3498474152133	1.09852660570566	-10.3318821376407	5.05586651783796e-25	4.22023351167488e-24	TRFE	CHICK
NODE_12719_length_2863_cov_14.160613_g7392_i0	8.85177632895378	6.39015862859187	0.382592988011671	16.702236655725	1.26242441010021e-62	3.17331511741591e-61	EXC1L	HUMAN
NODE_13157_length_2790_cov_13975.338940_g7457_i1	1445.1229976272	-6.15569165283175	1.3226616387615	-4.65401843709307	3.25527676370326e-06	8.73482774163295e-06	ALDOB	CHICK
NODE_13779_length_2687_cov_262.169073_g4833_i2	979.661999878495	-5.80491960428334	0.51402509008147	-11.2930666543209	1.41994357350655e-29	1.39964960550646e-28	THAP7	HUMAN
NODE_13798_length_2683_cov_293.347412_g8030_i0	648.092657204242	6.03539026849043	0.240575984544146	25.0872516636545	6.85169531588474e-139	1.09577475088099e-136	SCAM5	BOVIN
NODE_14053_length_2344_cov_12.799030_g3864_i0	49.6903736158453	-5.28890002722107	0.671445163741587	-7.87689049355721	3.35628815716579e-15	1.78886256149174e-14	FBX7	BOVIN
NODE_14059_length_2343_cov_67.568783_g3735_i1	31.9413947921327	5.37369993980683	0.317195445938793	16.9412896957031	2.23177696009365e-64	5.87071722398889e-63	ADAP1	HUMAN
NODE_14312_length_2587_cov_90.762243_g8336_i0	48.0929288445724	-24.0925604424938	2.18329919780797	-11.0349330346856	2.59244556490074e-28	2.42849208902204e-27	MAPK2	RABIT
NODE_1456_length_5088_cov_45.008179_g395_i0	295.143295772216	6.79339299672807	0.270980433564159	25.0696808894124	1.06530113042002e-138	1.67937113916928e-136	AP180	HUMAN
NODE_14786_length_2293_cov_9.337241_g3882_i2	75.0977667031193	7.66070910822897	0.381604217701977	20.0750116294883	1.22054072551569e-89	6.09441941450933e-88	RTN4R	RAT
NODE_14926_length_2282_cov_131.000906_g2807_i2	6856.757803347	-6.55234526133169	0.650666331707241	-10.0702079422788	7.48197289901217e-24	5.94838407353021e-23	METK1	HUMAN
NODE_14955_length_2478_cov_492.167974_g8439_i2	33.6440979551537	-22.7984166549252	1.63012586928441	-13.9856787040213	1.90649358424957e-44	2.92399676194497e-43	TIMP2	CHICK
NODE_15058_length_2460_cov_33.885655_g8787_i0	14.8294099967119	5.14821421010286	0.316266741238275	16.2780765057563	1.41239041450713e-59	3.3055627198486e-58	DHI1L	CHICK
NODE_15138_length_2445_cov_11.007113_g8841_i0	63.5673243651731	-5.06514204078841	0.746901197514607	-6.78154226776341	1.18899679556083e-11	5.12222511770982e-11	AP2E	XENLA
NODE_15182_length_2440_cov_45.145073_g4777_i1	4.9009534586491	5.04000483005169	0.411361800753678	12.2520001147837	1.63903057416434e-34	1.89290448832062e-33	DLGP1	HUMAN
NODE_15497_length_2391_cov_424.089041_g9062_i0	294.724849714581	-5.54516129290382	0.586399821024173	-9.45628067078696	3.19091600828122e-21	2.26953001297991e-20	DESM	CHICK
NODE_15596_length_2231_cov_184.509740_g4294_i0	569.11117277823	-6.59632934497567	0.957688665029235	-6.88775965075697	5.66778625046224e-12	2.49976104212034e-11	CP2H1	CHICK
NODE_15633_length_2229_cov_62.671309_g3940_i1	254.580904999738	5.86215777718509	1.23665020740212	4.7403523988404	2.13346825231405e-06	5.83971776368239e-06	H2A2B	HUMAN
NODE_16138_length_2296_cov_24.576528_g9468_i0	17.5280297312463	8.32023852703193	0.73252515275899	11.3582973850038	6.74463010243618e-30	6.70815621274297e-29	PCBP3	HUMAN
NODE_16157_length_2293_cov_157.735031_g8632_i1	155.885859466866	8.39564751331206	0.333990108315685	25.1374136666843	1.94025612144642e-139	3.19563079106885e-137	TRIM9	RAT
NODE_16398_length_2176_cov_18.685864_g4515_i0	13.1089110347141	-5.71213026055692	1.11389222913814	-5.12808161430177	2.92709552453185e-07	8.74286076957882e-07	MKNK2	MOUSE
NODE_16520_length_2244_cov_21.652353_g9702_i0	8.72489333837049	-5.05209123475879	0.858067347554269	-5.88775607084764	3.91474333400746e-09	1.38636690278473e-08	FST	CHICK
NODE_16970_length_2186_cov_19.408728_g9965_i0	15.9497850865534	5.18768182662771	0.624432478173237	8.30783472666917	9.74641461972347e-17	5.61627599627407e-16	EGR4	RAT
NODE_17449_length_2119_cov_41.090601_g10253_i0	50.124955542205	5.99325638656954	0.241664907212863	24.7998621549572	8.99566122817024e-136	1.30614633753761e-133	LAMP5	HUMAN
NODE_174724_length_222_cov_1.319728_g118244_i0	30.8231593385142	8.61160631676904	0.432539727687295	19.909399681767	3.37332846677219e-88	1.61145799267667e-86	1433B	CHICK
NODE_17521_length_2112_cov_31.482256_g10294_i0	6.4144406590342	5.82976371271052	0.662996428200726	8.79305447924001	1.45547852688385e-18	9.2041292516695e-18	CCKAR	XENLA
NODE_1754_length_7305_cov_27.476690_g1011_i0	23.2113778117011	5.08201488693117	0.275277320432851	18.4614369209208	4.21965011364027e-76	1.4688908203161e-74	CBPC1	CHICK
NODE_17827_length_2076_cov_1814.443345_g10484_i0	107.307842083036	-5.024306729203	0.913110820202774	-5.50240629947552	3.74642347816734e-08	1.21432759822519e-07	PCKGC	CHICK
NODE_17854_length_2073_cov_663.418236_g5143_i1	1068.18112619028	-5.39105082252493	0.582849108349918	-9.24947940263188	2.25588714097492e-20	1.54379625430439e-19	THRB	PIG
NODE_17993_length_2058_cov_107.838243_g9375_i2	76.0660623502798	6.01383485109629	0.409522234918343	14.6850020299763	8.04318058019485e-49	1.38357751679579e-47	CRFR2	XENLA
NODE_1823_length_7230_cov_23.031080_g1048_i0	25.2959960568974	-5.64149814475155	0.70442248098813	-8.00868555023675	1.15940933955864e-15	6.32900423548332e-15	MTUS1	PONAB
NODE_18712_length_1977_cov_6.454214_g10961_i1	30.7162332620439	-5.93935173443245	0.811700440383564	-7.31717199959365	2.5325116984105e-13	1.2095332868193e-12	HXD3	XENLA
NODE_18955_length_1947_cov_31.912262_g6829_i4	29.960476771491	5.26319626424377	0.475364679218411	11.0719127742041	1.71696133819128e-28	1.62075862848082e-27	LRC55	HUMAN
NODE_19186_length_1921_cov_60.608789_g11233_i0	19.822634166241	6.73976256408028	0.484305904708082	13.9163336613513	5.04107656399553e-44	7.60988780898641e-43	CO062	HUMAN
NODE_19245_length_1979_cov_17.535189_g5396_i0	11.1475525113532	-5.04938551834263	0.80573918414805	-6.26677418410724	3.68604080360389e-10	1.41973683308094e-09	ATLA2	HUMAN
NODE_1930_length_4733_cov_13.386432_g530_i0	89.9144417302881	-7.78508130638475	0.700377708525182	-11.1155469564818	1.05402742117568e-28	1.00226786063468e-27	CDV3A	XENLA
NODE_19621_length_1869_cov_35.573319_g11521_i0	22.0642010298226	5.2892834758615	0.390356029164592	13.5498956867176	7.93428114273278e-42	1.13339537100396e-40	SIDT1	RAT
NODE_19731_length_1858_cov_47.098724_g11595_i0	15.3204377022879	-22.4387225571429	2.91610307054212	-7.69476318715011	1.41756472916555e-14	7.32856724588515e-14	TNF6B	HUMAN
NODE_20606_length_1771_cov_42.058275_g10745_i1	41.2654755292984	9.34579452179247	0.415668371070828	22.4837759431063	5.98278561331003e-112	5.11783249944777e-110	CPLX3	MOUSE
NODE_20653_length_1893_cov_149.584708_g5696_i1	861.929239854951	5.28221181441085	0.234181837339152	22.5560268654009	1.17187712926166e-112	1.03453312971219e-110	TSN7	HUMAN
NODE_20854_length_1744_cov_22.239195_g12267_i0	18.9468730805035	-6.16468754443866	1.11710544138966	-5.5184473336464	3.42007935239828e-08	1.1127989283124e-07	ABCA9	HUMAN
NODE_21459_length_1845_cov_7.965537_g6060_i0	27.3483693241949	5.31779686036649	0.26139865711734	20.3436273124363	5.28716162833647e-92	2.86701860288418e-90	PTPRR	MOUSE
NODE_21650_length_1835_cov_7.445455_g6121_i0	25.8232063067606	5.60850736358024	0.261902659925112	21.4144727097615	9.79460321560793e-102	6.69247346651601e-100	LRFN5	HUMAN
NODE_22449_length_1585_cov_16.281046_g13256_i0	14.4000471896011	7.28361123592535	0.359255758344216	20.274166987594	2.17442194291281e-91	1.15082715299966e-89	DLX1	HUMAN
NODE_22803_length_1554_cov_70.439626_g13452_i0	5.85585177816226	7.39533913354571	0.499082875863617	14.8178578973457	1.12309150095581e-49	1.98293035408758e-48	GRM2	HUMAN
NODE_23186_length_1521_cov_144.815143_g13638_i1	5.41136249755736	7.05061945593611	0.475429753389736	14.829992034925	9.3744081043929e-50	1.65912740067323e-48	EF1D	BOVIN
NODE_23301_length_1513_cov_148.342936_g13755_i0	198.113979846645	-5.5935905623501	0.841901897068615	-6.64399329877532	3.05296460815576e-11	1.27394458124405e-10	DHI1	HUMAN
NODE_2345_length_6658_cov_7.492049_g1346_i0	22.7159311597396	5.77834775519286	0.363868093970103	15.8803364487012	8.67120411293347e-57	1.87989660876662e-55	ZN831	HUMAN
NODE_23511_length_1495_cov_7.727778_g13858_i0	12.3078610112759	5.55028575800864	0.401948260588304	13.8084582077431	2.26630277928771e-43	3.363638355002e-42	TMM8B	BOVIN
NODE_23574_length_1488_cov_68.322401_g13897_i0	34.2638085340245	6.94503562752934	0.65236898475356	10.6458703430742	1.82272849199864e-26	1.59760197849126e-25	CRF	HUMAN
NODE_24172_length_1435_cov_24.106522_g14267_i0	8.12301020623961	-5.65360635235704	0.765275625591881	-7.38767336014971	1.49420252491013e-13	7.21282802378972e-13	APJ	MOUSE
NODE_24185_length_1433_cov_1196.645864_g14081_i1	576.056089897404	-5.6001886771415	0.816901404520115	-6.85540341362408	7.11115550128696e-12	3.11642577270459e-11	S10AE	BOVIN
NODE_24664_length_1393_cov_41.073991_g14589_i0	133.112545660108	-5.03487410953252	0.686532775980026	-7.33377092207321	2.23765452812286e-13	1.07172385928107e-12	HXD9	MOUSE
NODE_25238_length_1349_cov_144.300618_g14933_i0	38.2791364413274	8.50941332977288	2.49173659036346	3.41505332573362	0.000637695257162256	0.0012868185357567	UCP5	HUMAN
NODE_25619_length_1319_cov_7.780063_g15180_i0	37.7290126014876	-7.80009620141396	0.719762320476617	-10.837044367992	2.29774852441443e-27	2.08345562587619e-26	HXA4	CHICK
NODE_2614_length_6423_cov_92.640075_g271_i1	149.014390620253	-5.13076591735046	0.344910198291497	-14.8756573240384	4.74303697225557e-50	8.48288703222695e-49	MPRIP	RAT
NODE_26499_length_1611_cov_31.966797_g7577_i0	22.9394798342789	-5.12383410828047	1.17153784915104	-4.37359673184565	1.22216053085374e-05	3.07525742970494e-05	ST1C1	RAT
NODE_26737_length_1600_cov_51.583607_g3443_i3	17.2412515031433	5.09986451549232	0.360563123838315	14.144165551936	2.0290921022973e-45	3.18733542332395e-44	CDC42	BOVIN
NODE_2728_length_6340_cov_17.703421_g1551_i0	12.0795136045994	-5.13517980377333	0.76945714886431	-6.67376969770528	2.49314762253454e-11	1.04747321586403e-10	CASZ1	HUMAN
NODE_27938_length_1163_cov_6.064079_g16651_i0	5.74736897575548	7.29553798666033	0.474313783537856	15.3812481101513	2.18691016062823e-53	4.35605661056544e-52	MAP12	HUMAN
NODE_2816_length_6269_cov_38.071291_g1603_i0	38.6702627849728	6.65290403533594	0.551539392455926	12.0624276821126	1.66792772015345e-33	1.86197090459214e-32	NETO2	HUMAN
NODE_29146_length_1085_cov_20.400000_g17446_i0	13.652795449729	8.47031775231214	0.4185079931802	20.2393213280039	4.41202771894762e-91	2.31290859280698e-89	FEZF2	BOVIN
NODE_29307_length_1075_cov_47.799020_g17550_i0	11.5935510615857	7.21602483239268	2.27170525641874	3.17647934827975	0.00149074403124603	0.00284756108443829	PADC1	MOUSE
NODE_29491_length_1498_cov_297.283907_g8349_i1	262.505948795056	-5.80744142837187	0.867994118131441	-6.69064606206518	2.22187463649498e-11	9.3653119227357e-11	OSTP	CHICK
NODE_2994_length_6120_cov_14.418631_g1646_i1	16.6424760758893	5.57011149485205	0.432628136258705	12.8750560308477	6.21939294847318e-38	7.91591709185716e-37	H6ST3	MOUSE
NODE_3015_length_4184_cov_57.634704_g814_i0	705.23344157018	5.07164749080687	0.146710965940725	34.5689734798417	7.39458266913031e-262	2.7199739917951e-258	SYT11	HUMAN
NODE_3080_length_6057_cov_90.560980_g1740_i0	6.69981600140062	5.05226892175029	1.06170971727328	4.75861606948998	1.94924793289155e-06	5.35139966151467e-06	KPCE	HUMAN
NODE_316_length_10923_cov_19.251380_g198_i0	36.308776350035	6.16154476224083	0.376254209810956	16.376015474582	2.83732082973896e-60	6.76969413106365e-59	MYO16	HUMAN
NODE_31710_length_948_cov_539.936170_g19213_i0	5.53780332621695	6.39204048136523	0.433375206008983	14.7494374222062	3.10240017160848e-49	5.40837059932062e-48	STX1B	HUMAN
NODE_3188_length_5986_cov_55.655707_g1728_i1	30.010277416417	5.48928879395537	0.345338483209792	15.8953868764769	6.82060801354108e-57	1.48160254782334e-55	ST32C	HUMAN
NODE_32357_length_920_cov_687.403468_g19642_i0	2107.17648935101	-5.09651851999856	0.752463724554845	-6.77310859472148	1.26044267380268e-11	5.41943693957242e-11	MSMB	STRCA
NODE_32594_length_1386_cov_11.764302_g9368_i7	85.4903521736902	5.03239947297759	0.350237771662144	14.3685229868127	8.15519633537733e-47	1.34317300837147e-45	CAH15	MOUSE
NODE_33114_length_886_cov_15.067389_g20144_i0	17.0785940535188	-5.09505191873831	0.95977774550701	-5.30857476388642	1.10485764573537e-07	3.43294498681961e-07	GRB7	HUMAN
NODE_3351_length_5892_cov_20.892924_g1901_i0	39.2106104242168	5.01057680078677	0.461016642373966	10.8685377928771	1.62788822936442e-27	1.48215731114162e-26	TRM9B	BOVIN
NODE_33551_length_1355_cov_13.782031_g9508_i1	8.80252804980024	5.80281125525995	0.462836082337903	12.537508367862	4.65399278637825e-36	5.61890704569846e-35	CRFR2	XENLA
NODE_34203_length_840_cov_2642.332484_g20944_i0	21.7009450253585	7.95736891790791	2.18815611091603	3.63656362460204	0.000276299420164601	0.00058814893933572	CALMA	ARBPU
NODE_3457_length_5829_cov_156.009006_g1955_i0	174.741333165654	8.51788682736435	0.427471149811897	19.9262262052364	2.41068705999695e-88	1.16165640642211e-86	PIANP	MOUSE
NODE_3559_length_5745_cov_165.536380_g2031_i0	439.51113124416	-5.38564973081935	0.901581203874107	-5.9735603489482	2.32130859643763e-09	8.40821938673534e-09	IBP1	HUMAN
NODE_3721_length_5653_cov_12.680779_g2124_i0	16.0147263843317	-6.84340058926302	1.15449458317566	-5.9276160226226	3.07364175112771e-09	1.10050735638203e-08	TIE1	BOVIN
NODE_3756_length_5628_cov_190.220169_g2024_i1	163.927480432126	5.3582440116348	0.278622390948325	19.2312039007252	2.02863780272143e-82	8.32193983384053e-81	CADM3	MOUSE
NODE_3779_length_5613_cov_38.671105_g2162_i0	20.0357206910449	7.55250554134121	0.378641719540325	19.9463111209986	1.61363769472517e-88	7.86158585487518e-87	SVOP	BOVIN
NODE_3791_length_5607_cov_276.456952_g2087_i2	370.697224889371	5.0743199159536	0.23600153189897	21.5012160095887	1.51661697909332e-102	1.05923217495537e-100	NCS1	CHICK
NODE_3956_length_3856_cov_12.618355_g1074_i0	58.7365136801915	6.8643399374908	0.373879675130046	18.3597568792772	2.7583927795494e-75	9.36580440687005e-74	CAPON	HUMAN
NODE_4117_length_5441_cov_35.703862_g642_i3	15.125096548773	5.03250501636307	0.461420428407687	10.9065500930024	1.07249555549742e-27	9.84198624109279e-27	NEXMI	HUMAN
NODE_4156_length_5417_cov_26.433420_g557_i3	12.802812965609	5.2726623608566	0.340910166477301	15.4664274619328	5.84627754075449e-54	1.18156909637776e-52	SYNRG	RAT
NODE_4231_length_5375_cov_139.835902_g953_i1	1192.80353618679	5.58942396723655	0.327286387393114	17.0780826289696	2.16104281886258e-65	5.83772521570344e-64	NRX1B	CHICK
NODE_441_length_10365_cov_30.991077_g260_i0	27.6227706288815	7.51702911714793	0.357746304494878	21.0121782467093	5.07525097461166e-98	3.15523349323041e-96	AT8A2	HUMAN
NODE_44706_length_1052_cov_4.385875_g13065_i1	8.93196436616298	-5.72777895224846	1.10535694602822	-5.18183648533589	2.19711789960779e-07	6.63706433675662e-07	FDXA1	HUMAN
NODE_45015_length_1044_cov_3.796698_g13352_i0	9.77160342166091	5.92130447139576	0.504660841542406	11.7332354404561	8.61033153450031e-32	9.14485163457275e-31	FRPD3	HUMAN
NODE_4525_length_5217_cov_23.084657_g2591_i0	89.4296300808929	6.79393257105839	0.3796291295517	17.8962362005288	1.26165764233707e-71	3.94961477537291e-70	CARME	CHICK
NODE_4611_length_3674_cov_31.821617_g1260_i0	2.70249394560156	5.63224303431045	0.826988980428495	6.81054181809311	9.72318433496064e-12	4.21700297449161e-11	TRIM9	MOUSE
NODE_4666_length_5140_cov_18.621042_g2673_i0	22.5619236696017	5.96761129075697	0.350628058775346	17.0197767731433	5.85935839249481e-65	1.56367641744087e-63	BC11A	MOUSE
NODE_4905_length_5033_cov_95.607272_g2817_i1	446.245280508291	-5.0376023662214	0.813857821082092	-6.18978184607662	6.02475372664043e-10	2.28700231762907e-09	CO8A	HUMAN
NODE_503_length_6396_cov_5.499288_g133_i2	20.3946915795611	-22.2095373837239	2.69560689093705	-8.23916033839912	1.73423405007646e-16	9.87220672818869e-16	GCC2	MOUSE
NODE_5092_length_3554_cov_24.721184_g1398_i0	186.28385549908	-5.76758974855199	0.516828292534328	-11.1595859434667	6.42902980638299e-29	6.1556914458513e-28	CXB2	GORGO
NODE_5093_length_4933_cov_34.518040_g2923_i0	13.1536178649639	6.9874485005378	0.443317282003732	15.7617327006868	5.70472313187437e-56	1.21177323888804e-54	KCNS1	LEMCA
NODE_50961_length_916_cov_56.218787_g15472_i1	166.646283620758	-5.59731246664164	0.674744664762276	-8.29545272301437	1.0817244142217e-16	6.22033815056613e-16	CO8G	RABIT
NODE_5113_length_4925_cov_13.533470_g2935_i0	33.5013022128862	8.48960800789459	0.457444490966801	18.5587719942849	6.92699912488196e-77	2.45391445724149e-75	TAFA1	HUMAN
NODE_5166_length_4902_cov_29.220342_g2971_i0	23.3516249531827	5.06706831148849	0.311292031037718	16.2775394365124	1.42483876205453e-59	3.33116435154063e-58	ADCY3	MOUSE
NODE_52352_length_890_cov_46.684663_g15737_i3	191.580260279545	5.38540490286405	0.196138965603651	27.4570883265829	5.71753607069013e-166	1.80265744400188e-163	CK2N2	MOUSE
NODE_5271_length_4849_cov_40.880267_g3044_i0	121.727098254037	10.9338230322104	0.331901582130991	32.9429674965972	5.33457856671031e-238	1.07031044515724e-234	JPH3	HUMAN
NODE_5274_length_3507_cov_76.534674_g1299_i4	554.066166756047	-5.69981039879774	0.449609917365564	-12.6772345952578	7.90726857835989e-37	9.72761524662223e-36	STC2	MACNE
NODE_545_length_9816_cov_25.906055_g328_i0	18.2985933473952	5.32321572230501	0.479889963034763	11.0925756576397	1.36305654253497e-28	1.29221039062486e-27	RLIG1	HUMAN
NODE_5460_length_3470_cov_46.668041_g1496_i0	128.699117846139	-5.10317568870999	1.10819738236151	-4.60493389529165	4.12596902261897e-06	1.09513092398317e-05	BTG2	RAT
NODE_5483_length_4758_cov_32.514990_g3179_i0	20.1468414050994	5.0444610158822	0.334169759244154	15.0955042350094	1.73357563647598e-51	3.23688784238789e-50	FOG2	HUMAN
NODE_5517_length_4744_cov_34.921945_g3064_i1	22.8250136299735	5.98721160128583	0.393685790094128	15.2080967917443	3.12496667802025e-52	5.98161444786704e-51	DPP6	RAT
NODE_5702_length_4667_cov_210.161318_g3307_i0	55.3259406430327	6.28410238792034	1.47392287809045	4.2635218445498	2.01229817960963e-05	4.94229032094197e-05	REEP1	MOUSE
NODE_582_length_9662_cov_17.829916_g353_i1	63.8462569111056	5.08399889969371	0.331400887801422	15.3409332528405	4.07297028724948e-53	8.04029107688694e-52	NSMF	HUMAN
NODE_58202_length_786_cov_29.796062_g15899_i2	121.806715249738	-6.35927582349796	1.62434463346756	-3.9149794276862	9.04119164744621e-05	0.000204781506218327	XPA	CHICK
NODE_5829_length_3374_cov_11.038800_g1447_i6	38.0055385256395	5.02035777535218	0.635846077345589	7.89555515748438	2.89025816975662e-15	1.54712582601331e-14	NETO2	HUMAN
NODE_5962_length_4561_cov_108.362406_g3450_i1	39.1475689926493	-7.74152514182154	1.01880404272478	-7.5986399907846	2.99259014712272e-14	1.50894367253823e-13	PBIR1	CHICK
NODE_6069_length_4515_cov_44.696188_g2537_i1	103.855030854969	5.486124751818	0.375901729729021	14.5945717136573	3.04116530220645e-48	5.17490502850396e-47	PAK6	PONAB
NODE_6085_length_4511_cov_15.088196_g3524_i0	17.7927242780449	6.26928845311215	0.308470316249749	20.323798183668	7.92048055316116e-92	4.27396102220701e-90	XK	HUMAN
NODE_634_length_9463_cov_138.590668_g383_i0	53.7008914178217	6.30246298025599	0.695360783926115	9.06358702696937	1.26229621057269e-19	8.36854231521158e-19	R3HD1	HUMAN
NODE_6615_length_4319_cov_42.496248_g3845_i0	87.2196891195214	5.35021401366729	0.618987406955533	8.64349412208905	5.4519527667295e-18	3.33771421807823e-17	RIMKB	HUMAN
NODE_6634_length_3241_cov_33.774163_g1784_i0	11.907350323439	7.82217398544052	0.497977563162563	15.7078843788932	1.33562257872465e-55	2.80735145832885e-54	KIF5A	HUMAN
NODE_6889_length_4231_cov_140.340278_g3876_i1	40.7711220609673	5.23200261261068	0.443298866137286	11.8024272387612	3.79212921323259e-32	4.06865783840755e-31	IMDH2	HUMAN
NODE_71403_length_331_cov_9.833333_g54678_i0	62.0499616456676	8.29377405233625	0.560402236316524	14.7996805060067	1.47180048633342e-49	2.59653371170092e-48	FGFP3	MOUSE
NODE_7251_length_4116_cov_20.203398_g4222_i0	13.727527582913	5.0192261371801	0.330077292738953	15.2062145672942	3.21610057653712e-52	6.15072267973779e-51	S35D3	HUMAN
NODE_72517_length_609_cov_5.243446_g25179_i0	758.166475104229	-6.61669719629278	0.773668899018353	-8.55236290962217	1.20593911487941e-17	7.27983486471242e-17	FABP4	PYGPA
NODE_7266_length_4111_cov_29.127219_g4232_i0	4.99668004316008	6.78944598917878	0.818066199807857	8.29938456175484	1.04652100383982e-16	6.02104237610656e-16	AN34C	MOUSE
NODE_7305_length_4098_cov_19.879298_g4252_i0	9.51432625615991	6.70639815818732	0.416657812486493	16.0956976137456	2.73471661437535e-58	6.18393398353115e-57	DESI2	DANRE
NODE_7321_length_4091_cov_171.886274_g4263_i0	6.11282408730718	6.91051894499241	1.41869052838042	4.8710545441376	1.11004188200989e-06	3.12641964471137e-06	DCTN1	CHICK
NODE_735_length_5877_cov_22.290762_g195_i2	34.7477478521603	7.77386692312574	0.412597038990623	18.8413056529531	3.46316425574343e-79	1.31101260933546e-77	DCE1	PIG
NODE_7517_length_4038_cov_461.995230_g3040_i1	695.562659056406	-7.31391769259344	1.46351668862831	-4.99749524513345	5.80797703959476e-07	1.68372590652642e-06	BHMT1	MOUSE
NODE_7541_length_4032_cov_108.004023_g4099_i4	503.442423530937	5.02870180463604	0.512546268280936	9.81121532989041	1.00747761367287e-22	7.6330349927086e-22	ZBT18	HUMAN
NODE_7745_length_3063_cov_10.174699_g2091_i0	56.3892978175175	7.71781988208192	0.564228336786927	13.6785400145481	1.36403993921832e-42	1.97794753341316e-41	C1QL3	HUMAN
NODE_78013_length_556_cov_6.523909_g27988_i1	15.2098103983166	7.14602862821078	0.81822554108629	8.73356827595921	2.46761651152221e-18	1.54234767514288e-17	CTXN2	HUMAN
NODE_8001_length_3902_cov_35.402132_g4669_i0	5.79634711606007	-5.42085760707852	1.57671385756253	-3.43807316785985	0.000585869369971965	0.00118886879324028	SUGP2	HUMAN
NODE_8035_length_3892_cov_28.894449_g4584_i2	9.31827979585891	-6.13098258854658	1.39001059536082	-4.41074521950324	1.03015471011632e-05	2.61658585018611e-05	HDA11	HUMAN
NODE_8107_length_3870_cov_663.033552_g3377_i3	72.3743983259805	-5.00662986088035	0.6522216313602	-7.67627079531092	1.6378670665087e-14	8.42800796405853e-14	TDH	BOVIN
NODE_8339_length_3811_cov_66.342386_g4853_i0	19.1821859446367	7.66850667931213	0.420931259484323	18.217954847798	3.71793284449962e-74	1.22836493829501e-72	ABHD8	XENLA
NODE_86_length_14544_cov_156.876665_g47_i0	150.532865349769	5.87360690519073	0.200918339632708	29.2338017322265	7.21478161335182e-188	4.19026921596512e-185	RENT1	HUMAN
NODE_8627_length_3740_cov_71.393758_g5013_i0	14.8906607193181	7.3986536939799	0.367275550395174	20.1446943201616	2.99553315333209e-90	1.52330453212072e-88	AP3B2	HUMAN
NODE_87115_length_481_cov_9.288177_g34480_i0	43.174320892092	5.63021411275871	0.392750180583488	14.335357158574	1.31567939367831e-46	2.14930009019099e-45	PANX2	RAT
NODE_8859_length_3688_cov_90.499862_g5134_i0	6.66482715782677	-5.47807851324111	1.74665952584525	-3.13631731438337	0.00171083987007779	0.00323605038846561	PELI1	HUMAN
NODE_88849_length_469_cov_107.609137_g35750_i0	198.849898633938	-5.1810949724901	0.362704778008429	-14.2846063427642	2.72947462007755e-46	4.40347257785903e-45	FINC	CHICK
NODE_8978_length_2867_cov_6.278295_g2432_i2	13.6738526489695	-5.20956872898515	1.47963146844406	-3.52085559146926	0.000430156809261919	0.000890327373198027	ARRD4	HUMAN
NODE_9164_length_3621_cov_18.428491_g5299_i0	13.8271153109101	5.09156627721954	0.478136975301036	10.6487607949874	1.76701576411003e-26	1.55061780969815e-25	PANX2	RAT
NODE_9207_length_3608_cov_40.853363_g5322_i0	22.1922284378159	6.55889861820795	0.310014861912173	21.1567231898259	2.39285040090057e-99	1.54868646181453e-97	SLIK2	HUMAN
NODE_9339_length_3571_cov_213.495449_g5396_i0	14.3054480833854	5.55288682034818	0.551724695605123	10.0645971887444	7.92109184737204e-24	6.28617393281197e-23	AT2A3	CHICK
NODE_9463_length_2791_cov_14.564433_g2595_i0	19.4038534294602	-5.60631981186833	1.88520702887692	-2.97384834980602	0.00294090381274944	0.00535481784897123	RBM39	PONAB
NODE_9551_length_3521_cov_1429.012406_g5509_i0	1671.26859667065	-6.55417327921797	1.24051029746119	-5.28344931326379	1.26773950927188e-07	3.92082552825537e-07	FMO3	RAT
NODE_99_length_13926_cov_36.856175_g57_i0	365.895780761705	5.48193636610781	0.187838972541085	29.1842331330298	3.07433920173657e-187	1.69626665455815e-184	BTBD8	HUMAN
R1809313	46502.1505052608	-5.49141709992601	0.425365089966671	-12.9098913602813	3.95859166077434e-38	5.09126561499357e-37	GLL9	CHICK
R1809618	3007.01043571913	-8.26088026932344	1.19090380500857	-6.93664780864815	4.01513130323138e-12	1.78837432618197e-11	METK1	HUMAN
R1810514	209.726647653494	-5.28905757541244	0.457373053842603	-11.5639903378142	6.27247611949407e-31	6.47490869771909e-30	FXYD3	RAT
R1810564	921.338869851474	-5.67274242895596	0.635934471679746	-8.92032541335915	4.64920100741538e-19	3.01610423967247e-18	FABPL	RAT
R1812012	158.729475894794	5.3018910885195	0.194040773517683	27.3235928325978	2.22490837439469e-164	6.72653805793025e-162	2ABB	BOVIN
R1814582	391.59635345118	5.28127540414427	0.244796307212889	21.574162879636	3.14114614330767e-103	2.25814642940718e-101	ACAP3	HUMAN
R1814632	158.694499197574	-5.39164894163279	0.933987939435878	-5.77271794846655	7.80029509728614e-09	2.68150331459665e-08	AGT1	FELCA
R1818334	10.2701494142785	-5.54199728235851	1.2829181009122	-4.31983715750673	1.56144379390002e-05	3.88556370857746e-05	TNKS1	HUMAN
R1822126	114.477263387325	5.06646674580004	0.362851097667916	13.962936252261	2.62396606975317e-44	4.00213760604371e-43	NAV3	HUMAN
R1824701	20.1011534570795	-6.89505262051116	2.1563820081432	-3.19750980785092	0.00138619697321543	0.00266144995205433	GOSR2	RAT
R1824975	42.1072050294731	5.77405905250258	0.25484163520114	22.6574399742227	1.17833713067215e-113	1.09729537864702e-111	PLPR5	HUMAN
R1827196	8.34173372077188	7.30703580065238	0.411096274911682	17.7745123139882	1.11361898318379e-70	3.41829915978668e-69	SYT13	HUMAN
R1828561	10.5236634641211	6.97025925140031	1.27424464001802	5.47011070911921	4.49754550002115e-08	1.44673996772288e-07	LYPD1	HUMAN
R1829091	32.5451331936106	-23.521313752538	1.79169342055401	-13.1279790854314	2.27651002464504e-39	3.05425995403745e-38	PXK	HUMAN
R1830077	195.164558320181	-6.38648889136013	0.370949476881033	-17.2166003442251	1.99359855670482e-66	5.52054205100066e-65	MET	EULMM
R1830758	7.52904744344163	7.61116685294652	0.454588400993422	16.7429851626519	6.37113775476072e-63	1.61994251437291e-61	RGS17	CHICK
R1830871	19.6690119253234	5.33702361998237	0.342536056209771	15.5809104566614	9.8146809903783e-55	2.02250242257375e-53	PAK5	HUMAN
R1832645	119.563427117247	5.09277607215224	0.194648903701841	26.1639083256962	6.84604983084188e-151	1.59044547122821e-148	DOK6	HUMAN
R1832840	23.0696053365755	7.96229855611166	0.355028722539261	22.4271954650969	2.13689337690447e-111	1.80694393978091e-109	MTA3	HUMAN
R1834229	19.3411367043844	5.94992466911644	0.462599588580532	12.861932470311	7.37105341641433e-38	9.34400625504102e-37	SYT17	XENTR
R1835202	28.2533118893658	6.25894352136537	0.347987327641269	17.9861248505507	2.50258326067903e-72	7.92424857434521e-71	TMM74	HUMAN
R1838594	235.566615978849	-5.34581553593871	1.39283704475026	-3.83807679160143	0.000124001706682935	0.000276101459492774	MYF6	CHICK
R1839432	30.0441346453696	-5.28393985449456	0.757284566111248	-6.9774825619757	3.00516104776104e-12	1.34804683585541e-11	SC5AA	MOUSE
R1839528	20.6796539595574	7.12390033638157	0.330505092189912	21.554585707527	4.79541953532539e-103	3.43619834885167e-101	KCNV1	MOUSE
R1839606	82.7303992357995	5.26812245779883	0.293377750644287	17.9567893142186	4.2467255214354e-72	1.33321809755447e-70	CAC1B	RAT
R1840976	6.2312275839728	5.75771503456576	1.17771511171549	4.88888609587331	1.01408147008716e-06	2.86749238242455e-06	F184A	HUMAN
R1841143	7.79300702182754	5.56892282728585	0.523840407373157	10.6309531469932	2.13914940335914e-26	1.86752481535349e-25	TCRGL	HUMAN
R1841747	9.89138045546573	5.52824940003705	0.323555695093877	17.085928277149	1.88912789052525e-65	5.11571196857573e-64	TTBK1	MOUSE
R1846098	111.284011584319	-5.69616854283114	0.634766466999546	-8.97364438571582	2.86862337112629e-19	1.87697947823176e-18	STC2	MOUSE
R1847368	38.9378271690322	-5.43893946816178	0.752097739390494	-7.2316923496799	4.77011852386614e-13	2.24231130610704e-12	AASD1	HUMAN
R1847538	46.9952821116752	5.11766521523963	0.294935162720474	17.351831392481	1.91055029192191e-67	5.39205178295607e-66	PLCX3	BOVIN
R1851032	21.1067877480669	-7.18745151318254	0.878109855189677	-8.18513933160448	2.71988781237109e-16	1.53367204954088e-15	LIN7C	CHICK
R1855083	9.74797273642402	6.87315508882005	0.639341840150316	10.7503602254533	5.90306261670361e-27	5.26598997375298e-26	TRI67	MOUSE
R1857653	5.01739190902294	6.29745217329787	0.475602828520928	13.2409897411297	5.08739444650907e-40	6.96518582099598e-39	CAC1B	HUMAN
R1859981	3.75180096797335	5.10694624127508	0.422865575415534	12.076996894951	1.39730405355982e-33	1.56699697469843e-32	EPB41	BOVIN
R1864187	23.1984402510182	-5.26460615344745	0.738023129735936	-7.13338910574676	9.79272114529607e-13	4.53092988840009e-12	STAB2	HUMAN
R1867620	20.8385951667687	-5.18383003867142	1.19419371982815	-4.34086191595228	1.4192489572081e-05	3.54611394606393e-05	GAG	KORV
R1876328	43.3945455549776	-6.95008807814245	0.856705263192869	-8.11257777527834	4.95570320549251e-16	2.7508141284009e-15	CE350	MOUSE
R1891678	19.5931233527818	-6.477488858736	0.769609722544976	-8.41658917368661	3.87603990846712e-17	2.2775346320519e-16	IGF2	CHICK
S1822565	52.9982459095081	-5.53968962122177	0.753038543737058	-7.35644897235976	1.88867031560216e-13	9.06939814302429e-13	BSPRY	HUMAN
S1832172	357.373325309394	-21.4754166249895	1.87036433147794	-11.4819429902301	1.62585183917618e-30	1.65053128291712e-29	ALPK3	MOUSE
S1836720	4.45501944674175	6.6841211607221	0.595254934081751	11.2290058897758	2.937650394796e-29	2.85360669952235e-28	PDE4B	RAT
S1839623	30.9704265692164	7.47525721176121	0.415818524487582	17.9772106617257	2.93911407833933e-72	9.27986376379813e-71	SEPT3	MOUSE
S1842482	8.37414028350647	5.19846285424872	1.31353461035846	3.95761391687279	7.57021870711125e-05	0.000173457980550192	PGM2L	HUMAN
S1848527	15.0519020715695	7.77754835094873	0.792849225587521	9.80961839899052	1.02354891067794e-22	7.74947665820311e-22	KCNJ4	MESAU
S1859175	240.688274616018	-5.98059323159754	0.741028783887607	-8.07066251896718	6.99177288352073e-16	3.85481957380221e-15	OAT	MOUSE
S1859994	20.7252262002372	-5.36022934265205	1.01604172762516	-5.27559961063877	1.32322711462608e-07	4.08499404389392e-07	SFXN5	HUMAN
S1866535	10.6503587590887	-21.466928083964	2.45960930431672	-8.72777967065283	2.5972100225774e-18	1.6215113210264e-17	MK11	HUMAN
S1866664	8.75390450492591	-6.05330098250248	1.94619653217583	-3.11032358881811	0.0018688248953877	0.00351649462368545	MFN1	MOUSE
S1870509	7.12200135803119	5.06662908657821	0.370275156894698	13.6834162169273	1.27556205699432e-42	1.85330181684428e-41	RUN3B	MACFA
S1877055	5.77367635853862	5.66605083538724	0.488741203494486	11.5931515388413	4.46399386339478e-31	4.63189208110591e-30	NOGG	CHICK
S1885217	14.8606174781466	6.25161834216852	0.429967577239288	14.5397436297606	6.78462661702832e-48	1.14390152358911e-46	DGKH	MOUSE
S1889441	28.8355257042047	-7.62812715397812	0.865375637526799	-8.81481615981117	1.19881612359888e-18	7.60283673788142e-18	IF6	HUMAN
S1890751	11.950361325788	5.27400678849989	0.307871602805055	17.1305399408318	8.78357501549214e-66	2.39917698752366e-64	MYOM	DICDI
S1899523	16.7782401957822	-5.47366569318451	1.37256076359054	-3.98792231162553	6.66544820783421e-05	0.000153941441970386	COP1	HUMAN
S1903010	57.0383371150871	7.66280035905878	0.477166242176873	16.0589741723984	4.94664590415064e-58	1.10610410440329e-56	CELF6	MOUSE
S1904509	27.2084669567099	-6.73555598131823	1.01636016760061	-6.62713494293985	3.42264728296317e-11	1.42202231805341e-10	UBP4	RAT
S1910943	8.25952499400955	5.9360545498761	0.403676600694633	14.7049755662368	5.98925366225317e-49	1.033485757044e-47	ACM4	CHICK
S1913722	47.2493098748028	5.12683351825267	0.460531472377231	11.1324281308904	8.72265469700798e-29	8.31931673132957e-28	SRBS2	MOUSE
S1918172	9.47527688272468	-5.23701020525146	0.870676799428273	-6.01487280778622	1.80027996429027e-09	6.58035422522131e-09	CO6A2	CHICK
S1921758	9.06469183533391	-5.95301757386238	1.01551703902334	-5.86205582487085	4.57171260741442e-09	1.60844408170949e-08	NUDC1	HUMAN
S1923712	15.4132680641563	-6.80690928796011	1.197463595198	-5.6844394395427	1.31242417922932e-08	4.42058530869927e-08	ZNT6	CHICK
S1950110	25.5258125398602	-5.09854939886315	0.871943889493367	-5.84733657784517	4.99506166068957e-09	1.75180376372825e-08	DDB1	BOVIN
S1950673	20.241834721901	-5.31351390341087	0.733151404280639	-7.2474987736325	4.2453829412698e-13	1.99990611555655e-12	TPM	BRABE
S1954181	65.716315638557	-5.65044045116116	0.639871102909198	-8.83059170115859	1.0412342147933e-18	6.62439870870224e-18	F110A	BOVIN
S1956863	23.9160137929736	-7.13246011112093	1.51012113912354	-4.72310460819092	2.32271298401036e-06	6.34198633639845e-06	NRP1	CHICK
S1957812	34.0123774985146	-5.88831214969801	1.22285596786047	-4.81521316038577	1.47042841882574e-06	4.08668369266896e-06	RETR1	HUMAN
S1958239	8.07957551329948	-5.83133901260609	1.58178394369656	-3.68655848091271	0.000227307224536056	0.000489526780397224	CUL4B	HUMAN
S1960596	46.7077626212617	-6.22357226803374	0.776878936169856	-8.01099370606828	1.13785272968704e-15	6.21440478698166e-15	ABCA6	HUMAN
S1965266	15.9290746502426	6.5795003926028	0.313983740021344	20.9549080221655	1.69255656496956e-97	1.03475688057834e-95	F131A	HUMAN
S1967914	6.81279179556807	-5.2109848936102	1.04495200927834	-4.98681743021769	6.1382018629105e-07	1.77572571915631e-06	ERAL1	CHICK
TRINITY_DN10000_c0_g4_i1	6.82670063395138	6.35103990868003	0.397770055162779	15.9666114285074	2.18329253826006e-57	4.78503141205557e-56	SLAI1	HUMAN
TRINITY_DN1010_c0_g1_i57	283.33851266385	-6.21759953493689	0.803375208196952	-7.73934703423486	9.99286826663577e-15	5.20270353018758e-14	KTN1	CHICK
TRINITY_DN1010_c0_g1_i77	44.3379135290988	8.65949156338597	1.95037028482847	4.43992180907717	8.99915679985832e-06	2.30220691518341e-05	KTN1	CHICK
TRINITY_DN10155_c0_g1_i1	180.331188729868	-5.22939925668316	1.36584207690648	-3.82869977803534	0.000128822037487372	0.000286083957269702	CSRP3	MOUSE
TRINITY_DN101594_c0_g1_i1	55.5262573703096	5.34830924340959	0.332393297137568	16.0903041350924	2.98368071470652e-58	6.73311179688884e-57	SAPC2	MOUSE
TRINITY_DN1045_c0_g1_i7	6.43034174129022	-5.12316379154407	1.4394412951543	-3.55913353937431	0.000372080317104701	0.00077689806986762	LTO1	HUMAN
TRINITY_DN1049_c2_g1_i4	48.465271688277	5.60573995918699	0.63747950393048	8.79360030341983	1.44842181225596e-18	9.16212937703898e-18	CAH10	HUMAN
TRINITY_DN10617_c0_g2_i3	18.5476932699977	8.91665131680671	0.451818133069312	19.7350452852206	1.07850209974456e-86	4.91788044243024e-85	AP2D	HUMAN
TRINITY_DN107549_c0_g1_i1	296.04278504755	-5.59094618496685	0.74517279652547	-7.50288552002415	6.24280717045262e-14	3.08505943242027e-13	T4S4	RAT
TRINITY_DN10840_c0_g2_i1	3.67772444339706	6.64769062309841	0.763811525068593	8.70331280023749	3.22333887366647e-18	2.00109954829308e-17	ACM5	HUMAN
TRINITY_DN10840_c0_g3_i1	6.87782283807057	7.39766378532625	0.730228913857175	10.1306092445049	4.04123546021621e-24	3.25036685885465e-23	ACM5	RAT
TRINITY_DN10964_c1_g1_i1	100.71927828368	7.0733031468124	0.47026929364306	15.0409632149641	3.95749543075803e-51	7.30894762818658e-50	GBRB4	CHICK
TRINITY_DN11662_c0_g1_i1	114.748504977387	5.2399887164199	0.192612928680533	27.2047611357955	5.70490277605619e-163	1.65667374036263e-160	MP17L	MOUSE
TRINITY_DN11662_c4_g1_i1	7.6934516454845	6.58515368315909	0.377641023367884	17.4376015201719	4.27648151161053e-68	1.23375094066986e-66	MARH4	HUMAN
TRINITY_DN11794_c0_g1_i1	7.78898643024079	5.96542915389033	0.389689126519172	15.3081745112455	6.74300363895736e-53	1.32282746943812e-51	5HT5B	RAT
TRINITY_DN120874_c0_g1_i1	1384.08961375066	-5.29557873452101	0.833706876477701	-6.35184725462996	2.12744518343175e-10	8.3323363262358e-10	FMO3	RAT
TRINITY_DN1210_c0_g1_i11	31.2047937658578	-5.45809115384195	1.15826357790135	-4.71230491744498	2.44930518305969e-06	6.66537181135971e-06	CD44	RAT
TRINITY_DN1215_c0_g1_i2	95.5349263526822	-24.2369569365061	1.59968859766479	-15.1510468799284	7.45692594825446e-52	1.41023441026543e-50	SLK	MOUSE
TRINITY_DN123156_c0_g1_i1	99.1833288712496	-6.76882054674476	1.16488097752153	-5.8107400475768	6.21972785585665e-09	2.15595089961923e-08	RET7	MOUSE
TRINITY_DN12648_c0_g1_i2	18.561611442654	-5.46502765854679	0.785677625661943	-6.95581429335274	3.50531364233443e-12	1.56698950954671e-11	AGTR1	CHICK
TRINITY_DN12768_c0_g1_i1	37.2710490597304	5.40262069305181	0.520963326344733	10.3704434071368	3.37952938441174e-25	2.83382270189845e-24	VIP	MELGA
TRINITY_DN1359_c0_g1_i4	720.09637376022	-6.93269565806277	0.377520233821926	-18.3637724205608	2.56176980044294e-75	8.71159622431058e-74	CADH1	CHICK
TRINITY_DN1414_c0_g2_i2	295.656212329597	5.70437542136882	0.286928538278565	19.8808227846291	5.96476518956867e-88	2.83101866094152e-86	NEUS	CHICK
TRINITY_DN14726_c0_g1_i12	560.77904731381	-5.63172428590082	1.68429610880988	-3.34366638766397	0.000826790973030305	0.00163843735070296	TRDN	RABIT
TRINITY_DN1480_c0_g1_i4	36.8938098124359	5.87541295520076	0.822144454533401	7.14644844078561	8.90518154384241e-13	4.1341471744342e-12	ABLM3	HUMAN
TRINITY_DN1522_c1_g1_i5	13.7999818035524	-6.56985136342737	2.15063736455405	-3.05483921729858	0.00225181204940163	0.00417836656551992	AGO4	HUMAN
TRINITY_DN1562_c0_g1_i1	27.7573539310812	-6.95656146711403	1.62986209563634	-4.2681902264854	1.9706524679458e-05	4.84539883774107e-05	THTR	CHICK
TRINITY_DN16022_c0_g1_i2	10.4499474056047	6.78954127426153	0.377536507686672	17.9838006021297	2.60974749059447e-72	8.25173740937249e-71	RSP14	HUMAN
TRINITY_DN163_c0_g1_i2	1267.97906782535	9.48025293404855	0.31180129668838	30.4047899567374	4.74778120955153e-203	3.61322521706215e-200	MYPR	CHICK
TRINITY_DN1692_c0_g1_i2	21.4961896106902	7.4459645799542	2.23712021583414	3.32837034293121	0.00087355656330689	0.0017226048384724	DIP2C	HUMAN
TRINITY_DN1730_c0_g1_i3	10.2151102918428	6.69645363752353	0.540129784224296	12.3978603533975	2.68394843717473e-35	3.16424903891273e-34	TUTLB	HUMAN
TRINITY_DN1763_c0_g1_i2	66.4633696347375	6.55885810656426	0.397239755237498	16.5110818343016	3.05359855235119e-61	7.45496903212287e-60	RGRF1	HUMAN
TRINITY_DN17758_c0_g1_i3	16.496736931607	-22.8135620019238	2.33098723442946	-9.78708148417111	1.27935362478957e-22	9.65310581166007e-22	CGNL1	HUMAN
TRINITY_DN1778_c0_g1_i1	105.456928411815	6.11038697693488	0.364467208898872	16.7652585136413	4.38104601141762e-63	1.1190935818517e-61	DOK5	HUMAN
TRINITY_DN17870_c0_g1_i4	6.26069619073069	7.49506319897234	0.886599683507808	8.45371743120674	2.8217172670547e-17	1.67002681909084e-16	URM1	CHICK
TRINITY_DN18094_c0_g3_i1	12.3493585062968	-5.60370868544924	0.790694491207576	-7.08707186879607	1.36979257338549e-12	6.28379174695857e-12	AT10B	MOUSE
TRINITY_DN1849_c1_g1_i2	58.694317156495	-8.10723895017744	1.47286971162253	-5.50438296490354	3.70463464234822e-08	1.20152901657566e-07	MEF2A	BOVIN
TRINITY_DN1878_c0_g3_i1	15.5476158020895	5.7473454743061	0.52939675145802	10.8564048768287	1.85925495060625e-27	1.68932716179004e-26	MSRA	HUMAN
TRINITY_DN1937_c0_g1_i1	1189.39831916227	-5.78048995088828	0.849778558892642	-6.8023485535113	1.0292719731582e-11	4.4541240093336e-11	A1AT2	HORSE
TRINITY_DN1948_c6_g1_i1	11.3719232764472	7.68493542676193	0.408915126246794	18.7934731035697	8.54028328257699e-79	3.17313218933458e-77	NALF1	HUMAN
TRINITY_DN1959_c0_g1_i1	3.30435892979474	6.25564204195421	0.602029538587005	10.390922107637	2.72703741400037e-25	2.29628827649707e-24	EVI5	HUMAN
TRINITY_DN20549_c0_g1_i1	11.3012823212439	6.90038732850855	0.457722874176049	15.0754697171951	2.34839758697265e-51	4.37007881488081e-50	MARF1	CHICK
TRINITY_DN2120_c0_g1_i3	77.5279143461558	-6.64251402590188	1.03094837436243	-6.44311023819194	1.17049611462985e-10	4.68665624997838e-10	POSTN	HUMAN
TRINITY_DN2164_c0_g1_i6	673.937821158007	-5.05689556478924	0.372044937945158	-13.5921633357491	4.45708796832468e-42	6.41251182926503e-41	G6PC1	FELCA
TRINITY_DN2206_c0_g1_i11	29.3988220776377	-7.57110606696014	1.24443316990403	-6.08397963833127	1.172354995906e-09	4.34562894854643e-09	ARFP1	HUMAN
TRINITY_DN2206_c0_g1_i9	36.7658596770269	-5.01454406564299	0.788235028078534	-6.36173715581614	1.9948460207657e-10	7.8282808816321e-10	ARFP1	HUMAN
TRINITY_DN2303_c0_g1_i4	27.6475878259434	5.17780492077644	1.63573203871665	3.16543590161553	0.00154850775716842	0.00294922041773447	FIL1L	HUMAN
TRINITY_DN2421_c0_g1_i29	63.2185439746464	-6.91112171475207	1.16599168768761	-5.92724784209925	3.08053862407066e-09	1.10279784968758e-08	LIPB2	MOUSE
TRINITY_DN2473_c0_g1_i1	19.3128411259473	-5.98754180699169	1.29876982836834	-4.61016392297464	4.02351589963486e-06	1.07012528205521e-05	PLPL8	RABIT
TRINITY_DN2570_c0_g1_i1	32.1372001656222	6.66540901946046	0.48524861268874	13.7360702229065	6.17369973766806e-43	9.04137712079192e-42	NOE2	HUMAN
TRINITY_DN2617_c0_g1_i1	49.9147272756332	-6.46466442651591	1.75409245574517	-3.68547530396258	0.000228276218030803	0.000491421784231352	PAR2	BOVIN
TRINITY_DN27_c2_g3_i2	74.5176804616763	6.53419585332734	1.92390031101267	3.3963276662126	0.000682965487235941	0.00137202332999246	RASM	HUMAN
TRINITY_DN273_c0_g1_i2	79.7244758000854	6.00502005511494	1.38203481082563	4.34505701888039	1.39239490801699e-05	3.48138162681942e-05	PBIR1	CHICK
TRINITY_DN2743_c0_g1_i1	7.84146115756518	5.71591622250287	0.462499242890663	12.3587580095869	4.36854020091185e-35	5.13384889425583e-34	PHYIP	MOUSE
TRINITY_DN2768_c0_g1_i5	57.7600638056842	-5.27944880112316	1.43003167038734	-3.69184047489883	0.00022263709940135	0.00047998444698523	ELOV7	BOVIN
TRINITY_DN2780_c0_g2_i2	152.541636773569	9.62677123306898	2.66469326415005	3.61271271353613	0.000303010356800387	0.000641296372706611	F168B	HUMAN
TRINITY_DN2907_c2_g1_i1	37.8172460353718	6.22198361541939	0.240906740041049	25.827353831442	4.37185165161425e-147	8.77152417737513e-145	WNT7A	AOTTR
TRINITY_DN29670_c0_g2_i1	5.92104343066133	5.0788476320168	0.466155030780398	10.8951900047377	1.21512670584357e-27	1.11046983014359e-26	5HT1E	CAVPO
TRINITY_DN3306_c0_g1_i2	3.29886146796791	5.80905484389463	0.459716133338889	12.6361778989652	1.3338165802321e-36	1.62997408226592e-35	KIRR3	HUMAN
TRINITY_DN3321_c0_g1_i1	57.5091860423567	9.32145458179704	0.400794303670144	23.2574527542903	1.19579890723211e-119	1.23902731843252e-117	RPRML	XENLA
TRINITY_DN3347_c0_g1_i5	38.0208379563933	-7.56979669577097	1.09700145670269	-6.90044361337848	5.1840395628397e-12	2.29328027965268e-11	VP13C	MOUSE
TRINITY_DN3353_c0_g2_i1	6.45027209861131	7.45983277482287	0.699530626638179	10.6640545685233	1.49915930459886e-26	1.31766012952994e-25	CADH9	HUMAN
TRINITY_DN3388_c3_g2_i7	43.0262954051367	8.74402870567224	0.613653763836048	14.2491242146254	4.53938281745695e-46	7.28082694631358e-45	DLGP2	MOUSE
TRINITY_DN3407_c0_g1_i4	26.8240364636739	8.54184886457973	2.04292607765314	4.18118352788975	2.8999566982821e-05	6.98636004050714e-05	KLHL5	HUMAN
TRINITY_DN34163_c0_g1_i1	72.0468932577017	5.0443998365592	0.542828474656494	9.29280624003989	1.5027302281341e-20	1.03735960247549e-19	TM233	HUMAN
TRINITY_DN3699_c0_g5_i1	407.180042236838	-5.34838374050908	0.980424813909889	-5.45516970259042	4.89260965522183e-08	1.56856326395621e-07	K2C75	RAT
TRINITY_DN3789_c0_g1_i1	14.0383628769308	7.31740659627521	0.516163528036884	14.1765277839474	1.280262150675e-45	2.02838375200267e-44	DRD5	XENLA
TRINITY_DN4002_c0_g2_i5	58.2073781741298	-6.2877053172589	0.85737118131039	-7.33370266498681	2.23879505823824e-13	1.07180492267501e-12	WAP1	RHATT
TRINITY_DN40077_c0_g1_i1	5.41185169190306	5.91277699536078	0.49797875315984	11.8735527526873	1.62420605871313e-32	1.76062022179759e-31	TM130	HUMAN
TRINITY_DN413_c0_g1_i1	37.6612971382314	-6.11412078202842	1.94779008873647	-3.13900394985306	0.00169523162787161	0.00320872744658031	TOM1	CHICK
TRINITY_DN4132_c0_g1_i4	7.44543280975983	-5.51698717188905	1.73003951500394	-3.18893708729912	0.00142796951495207	0.00273546455993336	FUND1	CHICK
TRINITY_DN4138_c0_g1_i2	4.69469452556613	-5.02627987725384	1.4368928932862	-3.49801985989271	0.000468726227649413	0.000965178936762693	CDC23	BOVIN
TRINITY_DN41836_c2_g1_i1	8.75399671587775	5.53843125459163	0.401951147477155	13.7788666343001	3.41592824299827e-43	5.04277834936267e-42	GPR17	RAT
TRINITY_DN4223_c0_g1_i3	17.9677200700128	-5.0828288194684	0.858195165111488	-5.92269570617785	3.16706551340697e-09	1.13285471443909e-08	TTPA	RAT
TRINITY_DN4323_c0_g1_i5	11.5661009375871	5.78201406496738	0.497034520623281	11.633023110179	2.80002291587018e-31	2.92182060299078e-30	DLGP3	MOUSE
TRINITY_DN4390_c0_g1_i1	25.234349515989	7.14956698884951	0.375244652375509	19.0530816191217	6.19459279714384e-81	2.45889681713965e-79	PCDH8	HUMAN
TRINITY_DN4461_c0_g1_i23	20.0776085360049	-16.2391027534868	2.28514884225301	-7.10636543809379	1.19138703180992e-12	5.48475423280038e-12	ACSM3	PONAB
TRINITY_DN44742_c0_g1_i1	8.05750990174384	7.55778850847033	0.405893767043505	18.6201147248961	2.20740679832123e-77	7.90867987645285e-76	NR2E1	CHICK
TRINITY_DN46230_c0_g1_i10	24.310391210402	5.64092653934304	0.749445797753984	7.5267972096826	5.20000349405941e-14	2.58186900143737e-13	GCYB2	RAT
TRINITY_DN46910_c0_g1_i8	39.9265089020873	6.07948926282452	0.673138239233873	9.0315612878327	1.69239685195031e-19	1.11629403833064e-18	NETO2	HUMAN
TRINITY_DN5097_c0_g1_i4	11.2169859968156	7.39953674382791	2.42127602539707	3.05604840844796	0.00224275043175912	0.00416260213850171	ZO2	HUMAN
TRINITY_DN518_c0_g1_i20	113.016669552268	-5.07390450109797	0.607752548611692	-8.3486354976025	6.90560924779153e-17	3.99912873520753e-16	AFAD	HUMAN
TRINITY_DN518_c1_g2_i2	34.4667605621772	8.92362896343311	1.43172922820328	6.23276300270243	4.58279232017789e-10	1.75502735565376e-09	PRDM2	RAT
TRINITY_DN5386_c0_g1_i2	5.07061761028479	5.11156530582335	0.480438375055854	10.6393776417821	1.95430311857648e-26	1.70885379663165e-25	MARHB	HUMAN
TRINITY_DN5412_c1_g1_i3	38.7947859497782	-6.3252083354169	0.79441299623354	-7.96211588355916	1.69121968739592e-15	9.14833786784999e-15	ABCA9	HUMAN
TRINITY_DN5650_c0_g1_i5	71.8154387345856	-5.23665075771856	0.390817040387771	-13.3992385606388	6.10866515590541e-41	8.53820392595519e-40	PCNP	MOUSE
TRINITY_DN57962_c0_g1_i1	38.5895921267888	-5.85345815380467	0.712508975473876	-8.21527637586832	2.11676168599108e-16	1.20064071986181e-15	HAND2	CHICK
TRINITY_DN5809_c0_g1_i1	65.8588526569086	-5.65888168346754	0.910596682747897	-6.2144764973125	5.14960407187151e-10	1.96561331487728e-09	F16P2	RABIT
TRINITY_DN582_c0_g1_i1	2265.55465295462	-5.72471983543491	0.556991645429501	-10.2779276536913	8.86123932183303e-25	7.31640672775365e-24	RET4	CHICK
TRINITY_DN5874_c0_g1_i8	7.47617379933551	5.01016241170034	0.451841260562381	11.0883242611896	1.42940300747186e-28	1.35278406410394e-27	5HT1D	HUMAN
TRINITY_DN5880_c0_g1_i1	6.55543252958021	6.85712962718385	0.36211355320083	18.9364070098223	5.71677571727882e-80	2.2096189155927e-78	BICL1	MOUSE
TRINITY_DN590_c0_g1_i4	28.6887811452245	-6.32933556913935	1.75968323644725	-3.59686075200564	0.000322080788563509	0.000678663643650624	HMGN3	HUMAN
TRINITY_DN6012_c0_g1_i1	136.580975371617	-5.3336992726359	0.74106360967199	-7.19735688410973	6.13909298138651e-13	2.87419987482394e-12	PG12B	HUMAN
TRINITY_DN6391_c0_g1_i1	84.5396782976383	5.21576707909523	0.426460021993673	12.2303775503079	2.13941922304713e-34	2.46563875992952e-33	PAQR9	HUMAN
TRINITY_DN6598_c0_g1_i3	5.13232370123544	6.24805865307012	0.419923485957681	14.8790407348157	4.50918329132111e-50	8.08429530783565e-49	CSMD1	HUMAN
TRINITY_DN6694_c0_g4_i1	9.41477941683161	6.09599577287326	0.428720635501772	14.2190397850538	6.98041576558638e-46	1.11233051224904e-44	CADH7	CHICK
TRINITY_DN6698_c0_g2_i3	19.1820472654483	7.92911288842704	0.494956115830728	16.0198301118452	9.29037540038743e-58	2.05862033219428e-56	XKR4	HUMAN
TRINITY_DN6729_c0_g1_i5	33.3025906501751	5.09410316490409	0.527588441641385	9.65544876050693	4.66113962419081e-22	3.42790241605769e-21	CPEB1	HUMAN
TRINITY_DN689_c0_g2_i2	80.8309416126638	5.03923483314268	1.59380549654612	3.16176273959591	0.00156817277940686	0.00298281248310864	NFYA	MOUSE
TRINITY_DN6959_c0_g1_i3	63.7700211978905	-5.04671874005951	1.47502177173969	-3.42145372817599	0.000622873229259181	0.00125909618700771	S22A2	RAT
TRINITY_DN704_c3_g2_i4	50.1608774357182	9.64224894340222	1.69576127844482	5.68608864111176	1.29981946851734e-08	4.38103476942237e-08	FMNL2	HUMAN
TRINITY_DN7151_c0_g1_i1	187.858712583369	6.28099987537431	0.331646413775811	18.9388445479172	5.45818201690337e-80	2.11708395629275e-78	S35F1	HUMAN
TRINITY_DN7200_c6_g1_i1	24.8760837992014	5.46927593722012	0.439152766400856	12.454153441966	1.32752631328454e-35	1.57858328309212e-34	FA13C	MOUSE
TRINITY_DN7250_c0_g1_i5	73.8758946261692	5.70010214065707	0.398712986991978	14.2962540138472	2.3090856859586e-46	3.73892304395497e-45	AKAP6	HUMAN
TRINITY_DN743_c0_g1_i7	108.768308017583	-25.5618543140155	1.74642527903046	-14.6366721902962	1.63896010627208e-48	2.80184736990122e-47	LMO7	HUMAN
TRINITY_DN7459_c0_g1_i1	63.7788912977154	6.69973088215719	0.879549873088501	7.61722681924946	2.59183669326992e-14	1.31287206381609e-13	RPKL1	HUMAN
TRINITY_DN748_c1_g1_i4	59.8906302155829	6.88072835406444	0.479151247891664	14.3602430012249	9.19043402897366e-47	1.50917320698995e-45	BIN1	HUMAN
TRINITY_DN7543_c0_g1_i2	11.0201247310865	7.63838314230541	0.39258165957662	19.4568007851998	2.55228000476948e-84	1.10883503356816e-82	DYRK4	HUMAN
TRINITY_DN7543_c0_g1_i6	7.74730492239997	7.1104843828959	1.00204544249814	7.09596998432442	1.28447355786037e-12	5.90221349614372e-12	DYRK4	HUMAN
TRINITY_DN7665_c0_g1_i10	16.6402097667263	6.56365085379548	0.571066857745124	11.4936644716387	1.41959607357837e-30	1.44847366360955e-29	ADIP	HUMAN
TRINITY_DN7751_c1_g1_i1	137.17494946198	-7.30739057142464	0.781388629477903	-9.35180049434196	8.61681868592467e-21	6.0086315449718e-20	NR5A2	HUMAN
TRINITY_DN7799_c0_g1_i1	18.8872169873258	7.79507086734843	0.47129139177644	16.5398116820391	1.89614174734343e-61	4.66531196921622e-60	SSR5	BOVIN
TRINITY_DN8082_c0_g3_i3	17.0012399247071	6.20224003435593	0.353528712404892	17.543808513218	6.6329347362198e-69	1.95969035647083e-67	KNDC1	HUMAN
TRINITY_DN8180_c0_g1_i1	9.07428870841938	7.14230430419753	1.11390351807163	6.41195955333921	1.43660956354296e-10	5.7148473445193e-10	MELPH	HUMAN
TRINITY_DN8314_c0_g1_i1	34.3309249327559	-5.70518742726093	0.796164374907301	-7.16584113415674	7.73103858628918e-13	3.60118238918114e-12	FGF7	CEREL
TRINITY_DN868_c0_g1_i1	406.976083532839	9.15150217765663	0.45280043359414	20.2108953496706	7.8510836431709e-91	4.05792543336725e-89	NPTXR	HUMAN
TRINITY_DN883_c0_g1_i2	26.7737017493614	-7.31641830625082	1.76966428802326	-4.13435381827327	3.55954733655448e-05	8.48738220805504e-05	DCTN1	CHICK
TRINITY_DN8839_c0_g1_i1	12.5281884331665	5.52114550881204	0.736266753104486	7.49883854667076	6.43857733106735e-14	3.17895753236368e-13	DLX6A	DANRE
TRINITY_DN884_c0_g1_i9	117.497148029409	-5.66630280069518	1.30931425416876	-4.32768740022044	1.50683123480651e-05	3.75810475060661e-05	PRT1B	HUMAN
TRINITY_DN90543_c0_g1_i1	11.4006572910453	-5.00716316669094	0.808181053938102	-6.1955958287961	5.80649514983405e-10	2.20604833804162e-09	C102B	HUMAN
TRINITY_DN9061_c0_g1_i1	11.1893942530304	5.56190287010535	0.315888162695378	17.6071899074891	2.16951674933917e-69	6.46170508203987e-68	F163A	HUMAN
TRINITY_DN907_c0_g1_i13	91.317876399138	5.47974816329662	0.622300485323647	8.80563054751066	1.30118986860027e-18	8.24261205511133e-18	LRRF2	XENTR
TRINITY_DN907_c0_g1_i28	318.359333258797	-8.7631085277602	0.810566257905509	-10.8110946419161	3.05008515345621e-27	2.74868841718164e-26	LRRF1	MOUSE
TRINITY_DN907_c0_g1_i8	30.8148240798086	-18.4641813840842	2.99989480273237	-6.1549429557552	7.51045237296886e-10	2.82907806573515e-09	LRRF1	MOUSE
TRINITY_DN9223_c0_g1_i1	9.16107600982443	6.84899436913715	0.615514959313648	11.1272589975301	9.24342512272822e-29	8.80839345676217e-28	NRIP2	HUMAN
TRINITY_DN9478_c0_g1_i1	67.1138395859616	-7.49167785713481	0.759421594039711	-9.86497871002476	5.90469742154739e-23	4.52488444769274e-22	BSPRY	HUMAN
TRINITY_DN953_c1_g3_i3	3.7755872433579	5.93678445431865	0.427360881431371	13.8917357958324	7.10913453245944e-44	1.06806398319523e-42	RAB15	BOVIN
